t,duty,Vs,omega,theta,u
1.074,0,12,0,0,0
0.008,0,12,0,0,0
0.018,0,12,0,0,0
0.028,0,12,0,0,0
0.038,0,12,0,0,0
0.048,0,12,0,0,0
0.058,0,12,0,0,0
0.068,0,12,0,0,0
0.078,0,12,0,0,0
0.088,0,12,0,0,0
0.098,0,12,0,0,0
0.108,0,12,0,0,0
0.119,0,12,0,0,0
0.129,0,12,0,0,0
0.139,0,12,0,0,0
0.149,0,12,0,0,0
0.159,0,12,0,0,0
0.169,0,12,0,0,0
0.179,0,12,0,0,0
0.189,0,12,0,0,0
0.199,0,12,0,0,0
0.209,0,12,0,0,0
0.219,0,12,0,0,0
0.229,0,12,0,0,0
0.239,0,12,0,0,0
0.249,0,12,0,0,0
0.259,0,12,0,0,0
0.269,0,12,0,0,0
0.279,0,12,0,0,0
0.29,0,12,0,0,0
0.3,0,12,0,0,0
0.31,0,12,0,0,0
0.32,0,12,0,0,0
0.33,0,12,0,0,0
0.34,0,12,0,0,0
0.35,0,12,0,0,0
0.36,0,12,0,0,0
0.37,0,12,0,0,0
0.38,0,12,0,0,0
0.39,0,12,0,0,0
0.4,0,12,0,0,0
0.41,0,12,0,0,0
0.42,0,12,0,0,0
0.43,0,12,0,0,0
0.44,0,12,0,0,0
0.45,0,12,0,0,0
0.46,0,12,0,0,0
0.47,0,12,0,0,0
0.48,0,12,0,0,0
0.49,0,12,0,0,0
0.5,0,12,0,0,0
0.51,0,12,0,0,0
0.52,0,12,0,0,0
0.53,0,12,0,0,0
0.54,0,12,0,0,0
0.55,0,12,0,0,0
0.56,0,12,0,0,0
0.57,0,12,0,0,0
0.58,0,12,0,0,0
0.59,0,12,0,0,0
0.6,0,12,0,0,0
0.61,0,12,0,0,0
0.62,0,12,0,0,0
0.631,0,12,0,0,0
0.641,0,12,0,0,0
0.651,0,12,0,0,0
0.661,0,12,0,0,0
0.671,0,12,0,0,0
0.681,0,12,0,0,0
0.691,0,12,0,0,0
0.701,0,12,0,0,0
0.711,0,12,0,0,0
0.721,0,12,0,0,0
0.731,0,12,0,0,0
0.741,0,12,0,0,0
0.751,0,12,0,0,0
0.761,0,12,0,0,0
0.771,0,12,0,0,0
0.781,0,12,0,0,0
0.791,0,12,0,0,0
0.802,0,12,0,0,0
0.812,0,12,0,0,0
0.822,0,12,0,0,0
0.832,0,12,0,0,0
0.842,0,12,0,0,0
0.852,0,12,0,0,0
0.862,0,12,0,0,0
0.872,0,12,0,0,0
0.882,0,12,0,0,0
0.892,0,12,0,0,0
0.902,0,12,0,0,0
0.912,0,12,0,0,0
0.922,0,12,0,0,0
0.932,0,12,0,0,0
0.942,0,12,0,0,0
0.952,0,12,0,0,0
0.962,0,12,0,0,0
0.972,0,12,0,0,0
0.982,0,12,0,0,0
0.992,0,12,0,0,0
1.002,0,12,0,0,0
1.012,0,12,0,0,0
1.022,0,12,0,0,0
1.032,0,12,0,0,0
1.042,0,12,0,0,0
1.052,0,12,0,0,0
1.062,0,12,0,0,0
1.072,0,12,0,0,0
1.082,0,12,0,0,0
1.092,0,12,0,0,0
1.102,0,12,0,0,0
1.112,0,12,0,0,0
1.122,0,12,0,0,0
1.132,0,12,0,0,0
1.143,0,12,0,0,0
1.153,0,12,0,0,0
1.163,0,12,0,0,0
1.173,0,12,0,0,0
1.183,0,12,0,0,0
1.193,0,12,0,0,0
1.203,0,12,0,0,0
1.213,0,12,0,0,0
1.223,0,12,0,0,0
1.233,0,12,0,0,0
1.243,0,12,0,0,0
1.253,0,12,0,0,0
1.263,0,12,0,0,0
1.273,0,12,0,0,0
1.283,0,12,0,0,0
1.293,0,12,0,0,0
1.303,0,12,0,0,0
1.314,0,12,0,0,0
1.324,0,12,0,0,0
1.334,0,12,0,0,0
1.344,0,12,0,0,0
1.354,0,12,0,0,0
1.364,0,12,0,0,0
1.374,0,12,0,0,0
1.384,0,12,0,0,0
1.394,0,12,0,0,0
1.404,0,12,0,0,0
1.414,0,12,0,0,0
1.424,0,12,0,0,0
1.434,0,12,0,0,0
1.444,0,12,0,0,0
1.454,0,12,0,0,0
1.464,0,12,0,0,0
1.474,0,12,0,0,0
1.484,0,12,0,0,0
1.494,0,12,0,0,0
1.504,0,12,0,0,0
1.514,0,12,0,0,0
1.524,0,12,0,0,0
1.534,0,12,0,0,0
1.544,0,12,0,0,0
1.554,0,12,0,0,0
1.564,0,12,0,0,0
1.574,0,12,0,0,0
1.584,0,12,0,0,0
1.594,0,12,0,0,0
1.604,0,12,0,0,0
1.614,0,12,0,0,0
1.624,0,12,0,0,0
1.634,0,12,0,0,0
1.644,0,12,0,0,0
1.655,0,12,0,0,0
1.665,0,12,0,0,0
1.675,0,12,0,0,0
1.685,0,12,0,0,0
1.695,0,12,0,0,0
1.705,0,12,0,0,0
1.715,0,12,0,0,0
1.725,0,12,0,0,0
1.735,0,12,0,0,0
1.745,0,12,0,0,0
1.755,0,12,0,0,0
1.765,0,12,0,0,0
1.775,0,12,0,0,0
1.785,0,12,0,0,0
1.795,0,12,0,0,0
1.805,0,12,0,0,0
1.815,0,12,0,0,0
1.826,0,12,0,0,0
1.836,0,12,0,0,0
1.846,0,12,0,0,0
1.856,0,12,0,0,0
1.866,0,12,0,0,0
1.876,0,12,0,0,0
1.886,0,12,0,0,0
1.896,0,12,0,0,0
1.906,0,12,0,0,0
1.916,0,12,0,0,0
1.926,0,12,0,0,0
1.936,0,12,0,0,0
1.946,0,12,0,0,0
1.956,0,12,0,0,0
1.966,0,12,0,0,0
1.976,0,12,0,0,0
1.986,0,12,0,0,0
1.996,0,12,0,0,0
2.006,0,12,0,0,0
2.016,0,12,0,0,0
2.026,0,12,0,0,0
2.036,0,12,0,0,0
2.046,0,12,0,0,0
2.056,0,12,0,0,0
2.066,0,12,0,0,0
2.076,0,12,0,0,0
2.086,0,12,0,0,0
2.096,0,12,0,0,0
2.106,0,12,0,0,0
2.116,0,12,0,0,0
2.126,0,12,0,0,0
2.136,0,12,0,0,0
2.146,0,12,0,0,0
2.156,0,12,0,0,0
2.167,0,12,0,0,0
2.177,0,12,0,0,0
2.187,0,12,0,0,0
2.197,0,12,0,0,0
2.207,0,12,0,0,0
2.217,0,12,0,0,0
2.227,0,12,0,0,0
2.237,0,12,0,0,0
2.247,0,12,0,0,0
2.257,0,12,0,0,0
2.267,0,12,0,0,0
2.277,0,12,0,0,0
2.287,0,12,0,0,0
2.297,0,12,0,0,0
2.307,0,12,0,0,0
2.317,0,12,0,0,0
2.327,0,12,0,0,0
2.338,0,12,0,0,0
2.348,0,12,0,0,0
2.358,0,12,0,0,0
2.368,0,12,0,0,0
2.378,0,12,0,0,0
2.388,0,12,0,0,0
2.398,0,12,0,0,0
2.408,0,12,0,0,0
2.418,0,12,0,0,0
2.428,0,12,0,0,0
2.438,0,12,0,0,0
2.448,0,12,0,0,0
2.458,0,12,0,0,0
2.468,0,12,0,0,0
2.478,0,12,0,0,0
2.488,0,12,0,0,0
2.498,0,12,0,0,0
2.508,0,12,0,0,0
2.518,0,12,0,0,0
2.528,0,12,0,0,0
2.538,0,12,0,0,0
2.548,0,12,0,0,0
2.558,0,12,0,0,0
2.568,0,12,0,0,0
2.578,0,12,0,0,0
2.588,0,12,0,0,0
2.598,0,12,0,0,0
2.608,0,12,0,0,0
2.618,0,12,0,0,0
2.628,0,12,0,0,0
2.638,0,12,0,0,0
2.648,0,12,0,0,0
2.658,0,12,0,0,0
2.668,0,12,0,0,0
2.679,0,12,0,0,0
2.689,0,12,0,0,0
2.699,0,12,0,0,0
2.709,0,12,0,0,0
2.719,0,12,0,0,0
2.729,0,12,0,0,0
2.739,0,12,0,0,0
2.749,0,12,0,0,0
2.759,0,12,0,0,0
2.769,0,12,0,0,0
2.779,0,12,0,0,0
2.789,0,12,0,0,0
2.799,0,12,0,0,0
2.809,0,12,0,0,0
2.819,0,12,0,0,0
2.829,0,12,0,0,0
2.839,0,12,0,0,0
2.85,0,12,0,0,0
2.86,0,12,0,0,0
2.87,0,12,0,0,0
2.88,0,12,0,0,0
2.89,0,12,0,0,0
2.9,0,12,0,0,0
2.91,0,12,0,0,0
2.92,0,12,0,0,0
2.93,0,12,0,0,0
2.94,0,12,0,0,0
2.95,0,12,0,0,0
2.96,0,12,0,0,0
2.97,0,12,0,0,0
2.98,0,12,0,0,0
2.99,0,12,0,0,0
3,0,12,0,0,0
3.01,0,12,0,0,0
3.02,0,12,0,0,0
3.03,0,12,0,0,0
3.04,0,12,0,0,0
3.05,0,12,0,0,0
3.06,0,12,0,0,0
3.07,0,12,0,0,0
3.08,0,12,0,0,0
3.09,0,12,0,0,0
3.1,0,12,0,0,0
3.11,0,12,0,0,0
3.12,0,12,0,0,0
3.13,0,12,0,0,0
3.14,0,12,0,0,0
3.15,0,12,0,0,0
3.16,0,12,0,0,0
3.17,0,12,0,0,0
3.18,0,12,0,0,0
3.191,0,12,0,0,0
3.201,0,12,0,0,0
3.211,0,12,0,0,0
3.221,0,12,0,0,0
3.231,0,12,0,0,0
3.241,0,12,0,0,0
3.251,0,12,0,0,0
3.261,0,12,0,0,0
3.271,0,12,0,0,0
3.281,0,12,0,0,0
3.291,0,12,0,0,0
3.301,0,12,0,0,0
3.311,0,12,0,0,0
3.321,0,12,0,0,0
3.331,0,12,0,0,0
3.341,0,12,0,0,0
3.351,0,12,0,0,0
3.362,0,12,0,0,0
3.372,0,12,0,0,0
3.382,0,12,0,0,0
3.392,0,12,0,0,0
3.402,0,12,0,0,0
3.412,0,12,0,0,0
3.422,0,12,0,0,0
3.432,0,12,0,0,0
3.442,0,12,0,0,0
3.452,0,12,0,0,0
3.462,0,12,0,0,0
3.472,0,12,0,0,0
3.482,0,12,0,0,0
3.492,0,12,0,0,0
3.502,0,12,0,0,0
3.512,0,12,0,0,0
3.522,0,12,0,0,0
3.532,0,12,0,0,0
3.542,0,12,0,0,0
3.552,0,12,0,0,0
3.562,0,12,0,0,0
3.572,0,12,0,0,0
3.582,0,12,0,0,0
3.592,0,12,0,0,0
3.602,0,12,0,0,0
3.612,0,12,0,0,0
3.622,0,12,0,0,0
3.632,0,12,0,0,0
3.642,0,12,0,0,0
3.652,0,12,0,0,0
3.662,0,12,0,0,0
3.672,0,12,0,0,0
3.682,0,12,0,0,0
3.692,0,12,0,0,0
3.703,0,12,0,0,0
3.713,0,12,0,0,0
3.723,0,12,0,0,0
3.733,0,12,0,0,0
3.743,0,12,0,0,0
3.753,0,12,0,0,0
3.763,0,12,0,0,0
3.773,0,12,0,0,0
3.783,0,12,0,0,0
3.793,0,12,0,0,0
3.803,0,12,0,0,0
3.813,0,12,0,0,0
3.823,0,12,0,0,0
3.833,0,12,0,0,0
3.843,0,12,0,0,0
3.853,0,12,0,0,0
3.863,0,12,0,0,0
3.874,0,12,0,0,0
3.884,0,12,0,0,0
3.894,0,12,0,0,0
3.904,0,12,0,0,0
3.914,0,12,0,0,0
3.924,0,12,0,0,0
3.934,0,12,0,0,0
3.944,0,12,0,0,0
3.954,0,12,0,0,0
3.964,0,12,0,0,0
3.974,0,12,0,0,0
3.984,0,12,0,0,0
3.994,0,12,0,0,0
4.004,0,12,0,0,0
4.014,0,12,0,0,0
4.024,0,12,0,0,0
4.034,0,12,0,0,0
4.044,0,12,0,0,0
4.054,0,12,0,0,0
4.064,0,12,0,0,0
4.074,0,12,0,0,0
4.084,0,12,0,0,0
4.094,0,12,0,0,0
4.104,0,12,0,0,0
4.114,0,12,0,0,0
4.124,0,12,0,0,0
4.134,0,12,0,0,0
4.144,0,12,0,0,0
4.154,0,12,0,0,0
4.164,0,12,0,0,0
4.174,0,12,0,0,0
4.184,0,12,0,0,0
4.194,0,12,0,0,0
4.204,0,12,0,0,0
4.215,0,12,0,0,0
4.225,0,12,0,0,0
4.235,0,12,0,0,0
4.245,0,12,0,0,0
4.255,0,12,0,0,0
4.265,0,12,0,0,0
4.275,0,12,0,0,0
4.285,0,12,0,0,0
4.295,0,12,0,0,0
4.305,0,12,0,0,0
4.315,0,12,0,0,0
4.325,0,12,0,0,0
4.335,0,12,0,0,0
4.345,0,12,0,0,0
4.355,0,12,0,0,0
4.365,0,12,0,0,0
4.375,0,12,0,0,0
4.386,0,12,0,0,0
4.396,0,12,0,0,0
4.406,0,12,0,0,0
4.416,0,12,0,0,0
4.426,0,12,0,0,0
4.436,0,12,0,0,0
4.446,0,12,0,0,0
4.456,0,12,0,0,0
4.466,0,12,0,0,0
4.476,0,12,0,0,0
4.486,0,12,0,0,0
4.496,0,12,0,0,0
4.506,0,12,0,0,0
4.516,0,12,0,0,0
4.526,0,12,0,0,0
4.536,0,12,0,0,0
4.546,0,12,0,0,0
4.556,0,12,0,0,0
4.566,0,12,0,0,0
4.576,0,12,0,0,0
4.586,0,12,0,0,0
4.596,0,12,0,0,0
4.606,0,12,0,0,0
4.616,0,12,0,0,0
4.626,0,12,0,0,0
4.636,0,12,0,0,0
4.646,0,12,0,0,0
4.656,0,12,0,0,0
4.666,0,12,0,0,0
4.676,0,12,0,0,0
4.686,0,12,0,0,0
4.696,0,12,0,0,0
4.706,0,12,0,0,0
4.716,0,12,0,0,0
4.727,0,12,0,0,0
4.737,0,12,0,0,0
4.747,0,12,0,0,0
4.757,0,12,0,0,0
4.767,0,12,0,0,0
4.777,0,12,0,0,0
4.787,0,12,0,0,0
4.797,0,12,0,0,0
4.807,0,12,0,0,0
4.817,0,12,0,0,0
4.827,0,12,0,0,0
4.837,0,12,0,0,0
4.847,0,12,0,0,0
4.857,0,12,0,0,0
4.867,0,12,0,0,0
4.877,0,12,0,0,0
4.887,0,12,0,0,0
4.898,0,12,0,0,0
4.908,0,12,0,0,0
4.918,0,12,0,0,0
4.928,0,12,0,0,0
4.938,0,12,0,0,0
4.948,0,12,0,0,0
4.958,0,12,0,0,0
4.968,0,12,0,0,0
4.978,0,12,0,0,0
4.988,0,12,0,0,0
4.998,0,12,0,0,0
5.008,50,12,-350,-0.058333,6
5.018,50,12,-400,-0.125,6
5.028,50,12,0,-0.125,6
5.038,50,12,0,-0.125,6
5.048,50,12,0,-0.125,6
5.058,50,12,0,-0.125,6
5.068,50,12,0,-0.125,6
5.078,50,12,0,-0.125,6
5.088,50,12,250,-0.083333,6
5.098,50,12,450,-0.008333,6
5.108,50,12,500,0.075,6
5.118,50,12,450,0.15,6
5.128,50,12,500,0.233333,6
5.138,50,12,500,0.316667,6
5.148,50,12,500,0.4,6
5.158,50,12,450,0.475,6
5.168,50,12,500,0.558333,6
5.178,50,12,500,0.641667,6
5.188,50,12,500,0.725,6
5.198,50,12,450,0.8,6
5.208,50,12,500,0.883333,6
5.218,50,12,500,0.966667,6
5.228,50,12,500,1.05,6
5.239,50,12,454.545471,1.133333,6
5.249,50,12,500,1.216667,6
5.259,50,12,500,1.3,6
5.269,50,12,500,1.383333,6
5.279,50,12,500,1.466667,6
5.289,50,12,450,1.541667,6
5.299,50,12,500,1.625,6
5.309,50,12,500,1.708333,6
5.319,50,12,500,1.791667,6
5.329,50,12,450,1.866667,6
5.339,50,12,500,1.95,6
5.349,50,12,500,2.033333,6
5.359,50,12,500,2.116667,6
5.369,50,12,450,2.191667,6
5.379,50,12,500,2.275,6
5.389,50,12,500,2.358333,6
5.399,50,12,500,2.441667,6
5.41,50,12,454.545471,2.525,6
5.42,50,12,500,2.608333,6
5.43,50,12,500,2.691667,6
5.44,50,12,500,2.775,6
5.45,50,12,500,2.858333,6
5.46,50,12,450,2.933333,6
5.47,50,12,500,3.016667,6
5.48,50,12,500,3.1,6
5.49,50,12,500,3.183333,6
5.5,50,12,450,3.258333,6
5.51,50,12,500,3.341667,6
5.52,50,12,500,3.425,6
5.53,50,12,500,3.508333,6
5.54,50,12,450,3.583333,6
5.55,50,12,500,3.666667,6
5.56,50,12,500,3.75,6
5.57,50,12,500,3.833333,6
5.58,50,12,450,3.908333,6
5.59,50,12,500,3.991666,6
5.6,50,12,500,4.075,6
5.61,50,12,500,4.158333,6
5.62,50,12,500,4.241667,6
5.63,50,12,450,4.316667,6
5.64,50,12,500,4.4,6
5.65,50,12,500,4.483333,6
5.66,50,12,500,4.566667,6
5.67,50,12,450,4.641667,6
5.68,50,12,500,4.725,6
5.69,50,12,500,4.808333,6
5.7,50,12,500,4.891667,6
5.71,50,12,450,4.966667,6
5.72,50,12,500,5.05,6
5.73,50,12,500,5.133333,6
5.74,50,12,500,5.216667,6
5.751,50,12,454.545471,5.3,6
5.761,50,12,500,5.383333,6
5.771,50,12,500,5.466667,6
5.781,50,12,500,5.55,6
5.791,50,12,500,5.633333,6
5.801,50,12,450,5.708333,6
5.811,50,12,500,5.791666,6
5.821,50,12,500,5.875,6
5.831,50,12,500,5.958333,6
5.841,50,12,400,6.025,6
5.851,50,12,500,6.108333,6
5.861,50,12,500,6.191667,6
5.871,50,12,500,6.275,6
5.881,50,12,450,6.35,6
5.891,50,12,500,6.433333,6
5.901,50,12,500,6.516667,6
5.911,50,12,500,6.6,6
5.922,50,12,454.545471,6.683333,6
5.932,50,12,500,6.766667,6
5.942,50,12,500,6.85,6
5.952,50,12,500,6.933333,6
5.962,50,12,500,7.016667,6
5.972,50,12,450,7.091667,6
5.982,50,12,500,7.175,6
5.992,50,12,500,7.258333,6
6.002,50,12,500,7.341667,6
6.012,50,12,450,7.416666,6
6.022,50,12,500,7.5,6
6.032,50,12,500,7.583333,6
6.042,50,12,500,7.666666,6
6.052,50,12,450,7.741667,6
6.062,50,12,500,7.825,6
6.072,50,12,500,7.908333,6
6.082,50,12,500,7.991667,6
6.092,50,12,450,8.066667,6
6.102,50,12,450,8.141667,6
6.112,50,12,500,8.225001,6
6.122,50,12,500,8.308334,6
6.132,50,12,500,8.391667,6
6.142,50,12,450,8.466667,6
6.152,50,12,500,8.550001,6
6.162,50,12,500,8.633334,6
6.172,50,12,500,8.716667,6
6.182,50,12,450,8.791667,6
6.192,50,12,500,8.875,6
6.202,50,12,500,8.958333,6
6.212,50,12,500,9.041667,6
6.222,50,12,450,9.116667,6
6.232,50,12,500,9.2,6
6.242,50,12,500,9.283334,6
6.252,50,12,500,9.366667,6
6.263,50,12,454.545471,9.45,6
6.273,50,12,500,9.533334,6
6.283,50,12,500,9.616667,6
6.293,50,12,500,9.7,6
6.303,50,12,500,9.783334,6
6.313,50,12,450,9.858334,6
6.323,50,12,500,9.941667,6
6.333,50,12,500,10.025,6
6.343,50,12,500,10.108334,6
6.353,50,12,450,10.183334,6
6.363,50,12,500,10.266667,6
6.373,50,12,500,10.350001,6
6.383,50,12,500,10.433334,6
6.393,50,12,450,10.508334,6
6.403,50,12,500,10.591667,6
6.413,50,12,500,10.675001,6
6.423,50,12,500,10.758334,6
6.434,50,12,454.545471,10.841667,6
6.444,50,12,500,10.925001,6
6.454,50,12,500,11.008334,6
6.464,50,12,500,11.091667,6
6.474,50,12,500,11.175001,6
6.484,50,12,450,11.25,6
6.494,50,12,500,11.333333,6
6.504,50,12,500,11.416667,6
6.514,50,12,500,11.5,6
6.524,50,12,450,11.575,6
6.534,50,12,500,11.658334,6
6.544,50,12,500,11.741667,6
6.554,50,12,500,11.825,6
6.564,50,12,450,11.9,6
6.574,50,12,500,11.983334,6
6.584,50,12,500,12.066667,6
6.594,50,12,500,12.15,6
6.604,50,12,450,12.225001,6
6.614,50,12,500,12.308334,6
6.624,50,12,500,12.391667,6
6.634,50,12,500,12.475001,6
6.644,50,12,500,12.558334,6
6.654,50,12,450,12.633334,6
6.664,50,12,500,12.716667,6
6.674,50,12,500,12.800001,6
6.684,50,12,500,12.883334,6
6.694,50,12,450,12.958333,6
6.704,50,12,500,13.041667,6
6.714,50,12,500,13.125,6
6.724,50,12,500,13.208333,6
6.734,50,12,450,13.283334,6
6.744,50,12,500,13.366667,6
6.754,50,12,500,13.45,6
6.764,50,12,500,13.533334,6
6.775,50,12,454.545471,13.616667,6
6.785,50,12,500,13.7,6
6.795,50,12,500,13.783334,6
6.805,50,12,500,13.866667,6
6.815,50,12,500,13.95,6
6.825,50,12,450,14.025,6
6.835,50,12,500,14.108334,6
6.845,50,12,500,14.191667,6
6.855,50,12,500,14.275,6
6.865,50,12,450,14.350001,6
6.875,50,12,500,14.433334,6
6.885,50,12,500,14.516667,6
6.895,50,12,500,14.600001,6
6.905,50,12,450,14.675001,6
6.915,50,12,500,14.758334,6
6.925,50,12,500,14.841667,6
6.935,50,12,500,14.925001,6
6.946,50,12,454.545471,15.008334,6
6.956,50,12,500,15.091667,6
6.966,50,12,500,15.175001,6
6.976,50,12,500,15.258334,6
6.986,50,12,500,15.341667,6
6.996,50,12,450,15.416667,6
7.006,50,12,500,15.5,6
7.016,50,12,500,15.583333,6
7.026,50,12,500,15.666667,6
7.036,50,12,450,15.741667,6
7.046,50,12,500,15.825,6
7.056,50,12,500,15.908334,6
7.066,50,12,500,15.991667,6
7.076,50,12,450,16.066667,6
7.086,50,12,500,16.149999,6
7.096,50,12,500,16.233333,6
7.106,50,12,500,16.316667,6
7.116,50,12,450,16.391666,6
7.126,50,12,500,16.475,6
7.136,50,12,500,16.558332,6
7.146,50,12,500,16.641666,6
7.156,50,12,500,16.725,6
7.166,50,12,450,16.799999,6
7.176,50,12,500,16.883333,6
7.186,50,12,500,16.966667,6
7.196,50,12,500,17.049999,6
7.206,50,12,450,17.125,6
7.216,50,12,500,17.208333,6
7.226,50,12,500,17.291666,6
7.236,50,12,500,17.375,6
7.246,50,12,450,17.45,6
7.256,50,12,500,17.533332,6
7.266,50,12,500,17.616666,6
7.276,50,12,500,17.7,6
7.287,50,12,454.545471,17.783332,6
7.297,50,12,500,17.866666,6
7.307,50,12,500,17.95,6
7.317,50,12,500,18.033332,6
7.327,50,12,500,18.116666,6
7.337,50,12,450,18.191667,6
7.347,50,12,500,18.274999,6
7.357,50,12,500,18.358333,6
7.367,50,12,500,18.441667,6
7.377,50,12,450,18.516666,6
7.387,50,12,500,18.6,6
7.397,50,12,500,18.683332,6
7.407,50,12,500,18.766666,6
7.417,50,12,450,18.841667,6
7.427,50,12,500,18.924999,6
7.437,50,12,500,19.008333,6
7.447,50,12,500,19.091667,6
7.458,50,12,454.545471,19.174999,6
7.468,50,12,500,19.258333,6
7.478,50,12,500,19.341667,6
7.488,50,12,500,19.424999,6
7.498,50,12,500,19.508333,6
7.508,50,12,450,19.583333,6
7.518,50,12,500,19.666666,6
7.528,50,12,500,19.75,6
7.538,50,12,500,19.833333,6
7.548,50,12,450,19.908332,6
7.558,50,12,500,19.991666,6
7.568,50,12,500,20.075,6
7.578,50,12,500,20.158332,6
7.588,50,12,450,20.233333,6
7.598,50,12,500,20.316667,6
7.608,50,12,500,20.399999,6
7.618,50,12,500,20.483333,6
7.628,50,12,450,20.558332,6
7.638,50,12,500,20.641666,6
7.648,50,12,500,20.725,6
7.658,50,12,500,20.808332,6
7.668,50,12,500,20.891666,6
7.678,50,12,450,20.966667,6
7.688,50,12,500,21.049999,6
7.698,50,12,500,21.133333,6
7.708,50,12,500,21.216667,6
7.718,50,12,450,21.291666,6
7.728,50,12,500,21.375,6
7.738,50,12,500,21.458333,6
7.748,50,12,500,21.541666,6
7.758,50,12,450,21.616666,6
7.768,50,12,500,21.7,6
7.778,50,12,500,21.783332,6
7.788,50,12,500,21.866666,6
7.799,50,12,454.545471,21.95,6
7.809,50,12,500,22.033332,6
7.819,50,12,500,22.116666,6
7.829,50,12,500,22.2,6
7.839,50,12,500,22.283332,6
7.849,50,12,450,22.358333,6
7.859,50,12,500,22.441667,6
7.869,50,12,500,22.524999,6
7.879,50,12,500,22.608333,6
7.889,50,12,450,22.683332,6
7.899,50,12,500,22.766666,6
7.909,50,12,500,22.85,6
7.919,50,12,500,22.933332,6
7.929,50,12,450,23.008333,6
7.939,50,12,500,23.091667,6
7.949,50,12,500,23.174999,6
7.959,50,12,500,23.258333,6
7.97,50,12,454.545471,23.341667,6
7.98,50,12,500,23.424999,6
7.99,50,12,500,23.508333,6
8,50,12,500,23.591667,6
8.01,50,12,500,23.674999,6
8.02,50,12,450,23.75,6
8.03,50,12,500,23.833333,6
8.04,50,12,500,23.916666,6
8.05,50,12,500,24,6
8.06,50,12,450,24.075,6
8.07,50,12,500,24.158332,6
8.08,50,12,500,24.241666,6
8.09,50,12,500,24.325,6
8.1,50,12,450,24.399999,6
8.11,50,12,500,24.483333,6
8.12,50,12,500,24.566667,6
8.13,50,12,500,24.649999,6
8.14,50,12,450,24.725,6
8.15,50,12,500,24.808332,6
8.16,50,12,500,24.891666,6
8.17,50,12,500,24.975,6
8.18,50,12,500,25.058332,6
8.19,50,12,450,25.133333,6
8.2,50,12,500,25.216667,6
8.21,50,12,500,25.299999,6
8.22,50,12,500,25.383333,6
8.23,50,12,450,25.458333,6
8.24,50,12,500,25.541666,6
8.25,50,12,500,25.625,6
8.26,50,12,500,25.708333,6
8.27,50,12,450,25.783332,6
8.28,50,12,500,25.866666,6
8.29,50,12,500,25.95,6
8.3,50,12,500,26.033332,6
8.311,50,12,454.545471,26.116666,6
8.321,50,12,500,26.2,6
8.331,50,12,450,26.274999,6
8.341,50,12,500,26.358333,6
8.351,50,12,500,26.441667,6
8.361,50,12,450,26.516666,6
8.371,50,12,500,26.6,6
8.381,50,12,500,26.683332,6
8.391,50,12,500,26.766666,6
8.401,50,12,450,26.841667,6
8.411,50,12,500,26.924999,6
8.421,50,12,500,27.008333,6
8.431,50,12,500,27.091667,6
8.441,50,12,450,27.166666,6
8.451,50,12,500,27.25,6
8.461,50,12,500,27.333333,6
8.471,50,12,500,27.416666,6
8.482,50,12,454.545471,27.5,6
8.492,50,12,500,27.583333,6
8.502,50,12,500,27.666666,6
8.512,50,12,500,27.75,6
8.522,50,12,500,27.833333,6
8.532,50,12,450,27.908332,6
8.542,50,12,500,27.991666,6
8.552,50,12,500,28.075,6
8.562,50,12,500,28.158332,6
8.572,50,12,450,28.233333,6
8.582,50,12,500,28.316667,6
8.592,50,12,500,28.399999,6
8.602,50,12,500,28.483333,6
8.612,50,12,450,28.558332,6
8.622,50,12,500,28.641666,6
8.632,50,12,500,28.725,6
8.642,50,12,500,28.808332,6
8.652,50,12,450,28.883333,6
8.662,50,12,500,28.966667,6
8.672,50,12,500,29.049999,6
8.682,50,12,500,29.133333,6
8.692,50,12,500,29.216667,6
8.702,50,12,450,29.291666,6
8.712,50,12,500,29.375,6
8.722,50,12,500,29.458333,6
8.732,50,12,500,29.541666,6
8.742,50,12,450,29.616666,6
8.752,50,12,500,29.7,6
8.762,50,12,500,29.783332,6
8.772,50,12,500,29.866666,6
8.782,50,12,450,29.941667,6
8.792,50,12,500,30.024999,6
8.802,50,12,500,30.108333,6
8.812,50,12,500,30.191667,6
8.823,50,12,454.545471,30.274999,6
8.833,50,12,500,30.358333,6
8.843,50,12,500,30.441667,6
8.853,50,12,500,30.524999,6
8.863,50,12,500,30.608333,6
8.873,50,12,450,30.683332,6
8.883,50,12,500,30.766666,6
8.893,50,12,500,30.85,6
8.903,50,12,500,30.933332,6
8.913,50,12,450,31.008333,6
8.923,50,12,500,31.091667,6
8.933,50,12,500,31.174999,6
8.943,50,12,500,31.258333,6
8.953,50,12,450,31.333333,6
8.963,50,12,500,31.416666,6
8.973,50,12,500,31.5,6
8.983,50,12,500,31.583333,6
8.994,50,12,454.545471,31.666666,6
9.004,50,12,500,31.75,6
9.014,50,12,500,31.833333,6
9.024,50,12,500,31.916666,6
9.034,50,12,500,32,6
9.044,50,12,450,32.075,6
9.054,50,12,500,32.158332,6
9.064,50,12,450,32.233333,6
9.074,50,12,500,32.316665,6
9.084,50,12,450,32.391666,6
9.094,50,12,500,32.474998,6
9.104,50,12,500,32.558334,6
9.114,50,12,500,32.641666,6
9.124,50,12,450,32.716667,6
9.134,50,12,500,32.799999,6
9.144,50,12,500,32.883335,6
9.154,50,12,500,32.966667,6
9.164,50,12,450,33.041667,6
9.174,50,12,500,33.125,6
9.184,50,12,500,33.208332,6
9.194,50,12,500,33.291667,6
9.204,50,12,500,33.375,6
9.214,50,12,450,33.45,6
9.224,50,12,500,33.533332,6
9.234,50,12,500,33.616664,6
9.244,50,12,500,33.7,6
9.254,50,12,450,33.775001,6
9.264,50,12,500,33.858333,6
9.274,50,12,500,33.941665,6
9.284,50,12,500,34.025001,6
9.294,50,12,450,34.099998,6
9.304,50,12,500,34.183334,6
9.314,50,12,500,34.266666,6
9.324,50,12,500,34.349998,6
9.335,50,12,409.090911,34.424999,6
9.345,50,12,500,34.508335,6
9.355,50,12,500,34.591667,6
9.365,50,12,500,34.674999,6
9.375,50,12,500,34.758335,6
9.385,50,12,450,34.833332,6
9.395,50,12,500,34.916667,6
9.405,50,12,500,35,6
9.415,50,12,500,35.083332,6
9.425,50,12,450,35.158332,6
9.435,50,12,500,35.241664,6
9.445,50,12,500,35.325,6
9.455,50,12,500,35.408332,6
9.465,50,12,450,35.483333,6
9.475,50,12,500,35.566665,6
9.485,50,12,500,35.650001,6
9.495,50,12,500,35.733333,6
9.506,50,12,454.545471,35.816665,6
9.516,50,12,500,35.900001,6
9.526,50,12,500,35.983333,6
9.536,50,12,500,36.066665,6
9.546,50,12,500,36.150001,6
9.556,50,12,450,36.224998,6
9.566,50,12,500,36.308334,6
9.576,50,12,500,36.391666,6
9.586,50,12,500,36.474998,6
9.596,50,12,450,36.549999,6
9.606,50,12,500,36.633335,6
9.616,50,12,500,36.716667,6
9.626,50,12,500,36.799999,6
9.636,50,12,450,36.875,6
9.646,50,12,500,36.958332,6
9.656,50,12,500,37.041667,6
9.666,50,12,500,37.125,6
9.676,50,12,450,37.2,6
9.686,50,12,500,37.283332,6
9.696,50,12,500,37.366664,6
9.706,50,12,500,37.45,6
9.716,50,12,500,37.533332,6
9.726,50,12,450,37.608333,6
9.736,50,12,500,37.691665,6
9.746,50,12,500,37.775001,6
9.756,50,12,500,37.858333,6
9.766,50,12,450,37.933334,6
9.776,50,12,500,38.016666,6
9.786,50,12,500,38.099998,6
9.796,50,12,500,38.183334,6
9.806,50,12,450,38.258335,6
9.816,50,12,500,38.341667,6
9.826,50,12,500,38.424999,6
9.836,50,12,500,38.508335,6
9.847,50,12,454.545471,38.591667,6
9.857,50,12,500,38.674999,6
9.867,50,12,500,38.758335,6
9.877,50,12,500,38.841667,6
9.887,50,12,500,38.924999,6
9.897,50,12,450,39,6
9.907,50,12,500,39.083332,6
9.917,50,12,500,39.166667,6
9.927,50,12,500,39.25,6
9.937,50,12,450,39.325,6
9.947,50,12,500,39.408332,6
9.957,50,12,500,39.491664,6
9.967,50,12,500,39.575,6
9.977,50,12,450,39.650001,6
9.987,50,12,500,39.733333,6
9.997,50,12,500,39.816665,6
10.007,50,12,500,39.900001,6
10.018,50,12,454.545471,39.983333,6
10.028,50,12,500,40.066665,6
10.038,50,12,500,40.150001,6
10.048,50,12,500,40.233333,6
10.058,50,12,500,40.316665,6
10.068,50,12,450,40.391666,6
10.078,50,12,500,40.474998,6
10.088,50,12,500,40.558334,6
10.098,50,12,500,40.641666,6
10.108,50,12,450,40.716667,6
10.118,50,12,500,40.799999,6
10.128,50,12,500,40.883335,6
10.138,50,12,500,40.966667,6
10.148,50,12,450,41.041667,6
10.158,50,12,500,41.125,6
10.168,50,12,500,41.208332,6
10.178,50,12,500,41.291667,6
10.188,50,12,450,41.366664,6
10.198,50,12,500,41.45,6
10.208,50,12,500,41.533332,6
10.218,50,12,500,41.616664,6
10.228,50,12,500,41.7,6
10.238,50,12,450,41.775001,6
10.248,50,12,500,41.858333,6
10.258,50,12,500,41.941665,6
10.268,50,12,450,42.016666,6
10.278,50,12,450,42.091667,6
10.288,50,12,500,42.174999,6
10.298,50,12,500,42.258335,6
10.308,50,12,500,42.341667,6
10.318,50,12,450,42.416667,6
10.328,50,12,500,42.5,6
10.338,50,12,500,42.583332,6
10.348,50,12,500,42.666667,6
10.359,50,12,454.545471,42.75,6
10.369,50,12,500,42.833332,6
10.379,50,12,500,42.916667,6
10.389,50,12,500,43,6
10.399,50,12,500,43.083332,6
10.409,50,12,450,43.158332,6
10.419,50,12,500,43.241664,6
10.429,50,12,500,43.325,6
10.439,50,12,500,43.408332,6
10.449,50,12,450,43.483333,6
10.459,50,12,500,43.566665,6
10.469,50,12,500,43.650001,6
10.479,50,12,500,43.733333,6
10.489,50,12,450,43.808334,6
10.499,50,12,500,43.891666,6
10.509,50,12,500,43.974998,6
10.519,50,12,500,44.058334,6
10.53,50,12,454.545471,44.141666,6
10.54,50,12,500,44.224998,6
10.55,50,12,500,44.308334,6
10.56,50,12,500,44.391666,6
10.57,50,12,500,44.474998,6
10.58,50,12,450,44.549999,6
10.59,50,12,500,44.633335,6
10.6,50,12,500,44.716667,6
10.61,50,12,500,44.799999,6
10.62,50,12,450,44.875,6
10.63,50,12,500,44.958332,6
10.64,50,12,500,45.041667,6
10.65,50,12,500,45.125,6
10.66,50,12,450,45.2,6
10.67,50,12,500,45.283332,6
10.68,50,12,500,45.366664,6
10.69,50,12,500,45.45,6
10.7,50,12,450,45.525001,6
10.71,50,12,500,45.608333,6
10.72,50,12,500,45.691665,6
10.73,50,12,500,45.775001,6
10.74,50,12,500,45.858333,6
10.75,50,12,450,45.933334,6
10.76,50,12,500,46.016666,6
10.77,50,12,500,46.099998,6
10.78,50,12,500,46.183334,6
10.79,50,12,450,46.258335,6
10.8,50,12,500,46.341667,6
10.81,50,12,500,46.424999,6
10.82,50,12,500,46.508335,6
10.83,50,12,450,46.583332,6
10.84,50,12,500,46.666667,6
10.85,50,12,500,46.75,6
10.86,50,12,500,46.833332,6
10.871,50,12,454.545471,46.916667,6
10.881,50,12,500,47,6
10.891,50,12,500,47.083332,6
10.901,50,12,500,47.166667,6
10.911,50,12,500,47.25,6
10.921,50,12,450,47.325,6
10.931,50,12,500,47.408332,6
10.941,50,12,500,47.491664,6
10.951,50,12,500,47.575,6
10.961,50,12,450,47.650001,6
10.971,50,12,500,47.733333,6
10.981,50,12,500,47.816665,6
10.991,50,12,500,47.900001,6
11.001,50,12,450,47.974998,6
11.011,50,12,500,48.058334,6
11.021,50,12,500,48.141666,6
11.031,50,12,500,48.224998,6
11.042,50,12,454.545471,48.308334,6
11.052,50,12,500,48.391666,6
11.062,50,12,500,48.474998,6
11.072,50,12,500,48.558334,6
11.082,50,12,500,48.641666,6
11.092,50,12,450,48.716667,6
11.102,50,12,500,48.799999,6
11.112,50,12,500,48.883335,6
11.122,50,12,500,48.966667,6
11.132,50,12,450,49.041667,6
11.142,50,12,500,49.125,6
11.152,50,12,500,49.208332,6
11.162,50,12,500,49.291667,6
11.172,50,12,450,49.366664,6
11.182,50,12,500,49.45,6
11.192,50,12,500,49.533332,6
11.202,50,12,500,49.616664,6
11.212,50,12,450,49.691665,6
11.222,50,12,500,49.775001,6
11.232,50,12,500,49.858333,6
11.242,50,12,500,49.941665,6
11.252,50,12,500,50.025001,6
11.262,50,12,450,50.099998,6
11.272,50,12,500,50.183334,6
11.282,50,12,500,50.266666,6
11.292,50,12,500,50.349998,6
11.302,50,12,450,50.424999,6
11.312,50,12,500,50.508335,6
11.322,50,12,500,50.591667,6
11.332,50,12,500,50.674999,6
11.342,50,12,450,50.75,6
11.352,50,12,500,50.833332,6
11.362,50,12,500,50.916667,6
11.372,50,12,500,51,6
11.383,50,12,454.545471,51.083332,6
11.393,50,12,500,51.166667,6
11.403,50,12,500,51.25,6
11.413,50,12,500,51.333332,6
11.423,50,12,500,51.416667,6
11.433,50,12,450,51.491664,6
11.443,50,12,500,51.575,6
11.453,50,12,500,51.658332,6
11.463,50,12,500,51.741664,6
11.473,50,12,450,51.816665,6
11.483,50,12,500,51.900001,6
11.493,50,12,500,51.983333,6
11.503,50,12,500,52.066665,6
11.513,50,12,450,52.141666,6
11.523,50,12,500,52.224998,6
11.533,50,12,500,52.308334,6
11.543,50,12,500,52.391666,6
11.554,50,12,454.545471,52.474998,6
11.564,50,12,500,52.558334,6
11.574,50,12,500,52.641666,6
11.584,50,12,450,52.716667,6
11.594,50,12,500,52.799999,6
11.604,50,12,450,52.875,6
11.614,50,12,500,52.958332,6
11.624,50,12,500,53.041667,6
11.634,50,12,500,53.125,6
11.644,50,12,450,53.2,6
11.654,50,12,500,53.283332,6
11.664,50,12,500,53.366664,6
11.674,50,12,500,53.45,6
11.684,50,12,450,53.525001,6
11.694,50,12,500,53.608333,6
11.704,50,12,500,53.691665,6
11.714,50,12,500,53.775001,6
11.724,50,12,450,53.849998,6
11.734,50,12,500,53.933334,6
11.744,50,12,500,54.016666,6
11.754,50,12,500,54.099998,6
11.764,50,12,500,54.183334,6
11.774,50,12,450,54.258335,6
11.784,50,12,500,54.341667,6
11.794,50,12,500,54.424999,6
11.804,50,12,500,54.508335,6
11.814,50,12,450,54.583332,6
11.824,50,12,500,54.666667,6
11.834,50,12,500,54.75,6
11.844,50,12,500,54.833332,6
11.854,50,12,450,54.908332,6
11.864,50,12,500,54.991664,6
11.874,50,12,500,55.075,6
11.884,50,12,500,55.158332,6
11.895,50,12,454.545471,55.241664,6
11.905,50,12,500,55.325,6
11.915,50,12,500,55.408332,6
11.925,50,12,500,55.491664,6
11.935,50,12,500,55.575,6
11.945,50,12,450,55.650001,6
11.955,50,12,500,55.733333,6
11.965,50,12,500,55.816665,6
11.975,50,12,500,55.900001,6
11.985,50,12,450,55.974998,6
11.995,50,12,500,56.058334,6
12.005,50,12,500,56.141666,6
12.015,50,12,500,56.224998,6
12.025,50,12,450,56.299999,6
12.035,50,12,500,56.383335,6
12.045,50,12,500,56.466667,6
12.055,50,12,500,56.549999,6
12.066,50,12,454.545471,56.633335,6
12.076,50,12,500,56.716667,6
12.086,50,12,500,56.799999,6
12.096,50,12,500,56.883335,6
12.106,50,12,500,56.966667,6
12.116,50,12,450,57.041667,6
12.126,50,12,500,57.125,6
12.136,50,12,500,57.208332,6
12.146,50,12,500,57.291667,6
12.156,50,12,450,57.366664,6
12.166,50,12,500,57.45,6
12.176,50,12,500,57.533332,6
12.186,50,12,500,57.616664,6
12.196,50,12,450,57.691665,6
12.206,50,12,500,57.775001,6
12.216,50,12,500,57.858333,6
12.226,50,12,500,57.941665,6
12.236,50,12,450,58.016666,6
12.246,50,12,500,58.099998,6
12.256,50,12,500,58.183334,6
12.266,50,12,500,58.266666,6
12.276,50,12,500,58.349998,6
12.286,50,12,450,58.424999,6
12.296,50,12,500,58.508335,6
12.306,50,12,500,58.591667,6
12.316,50,12,500,58.674999,6
12.326,50,12,450,58.75,6
12.336,50,12,500,58.833332,6
12.346,50,12,500,58.916667,6
12.356,50,12,500,59,6
12.366,50,12,450,59.075,6
12.376,50,12,500,59.158332,6
12.386,50,12,500,59.241664,6
12.396,50,12,500,59.325,6
12.407,50,12,454.545471,59.408332,6
12.417,50,12,500,59.491664,6
12.427,50,12,500,59.575,6
12.437,50,12,500,59.658332,6
12.447,50,12,500,59.741664,6
12.457,50,12,450,59.816665,6
12.467,50,12,500,59.900001,6
12.477,50,12,500,59.983333,6
12.487,50,12,500,60.066665,6
12.497,50,12,450,60.141666,6
12.507,50,12,500,60.224998,6
12.517,50,12,500,60.308334,6
12.527,50,12,500,60.391666,6
12.537,50,12,450,60.466667,6
12.547,50,12,500,60.549999,6
12.557,50,12,500,60.633335,6
12.567,50,12,500,60.716667,6
12.578,50,12,454.545471,60.799999,6
12.588,50,12,500,60.883335,6
12.598,50,12,500,60.966667,6
12.608,50,12,500,61.049999,6
12.618,50,12,500,61.133335,6
12.628,50,12,450,61.208332,6
12.638,50,12,500,61.291667,6
12.648,50,12,500,61.375,6
12.658,50,12,500,61.458332,6
12.668,50,12,450,61.533332,6
12.678,50,12,500,61.616664,6
12.688,50,12,500,61.7,6
12.698,50,12,500,61.783332,6
12.708,50,12,450,61.858333,6
12.718,50,12,500,61.941665,6
12.728,50,12,500,62.025001,6
12.738,50,12,500,62.108333,6
12.748,50,12,450,62.183334,6
12.758,50,12,500,62.266666,6
12.768,50,12,500,62.349998,6
12.778,50,12,500,62.433334,6
12.788,50,12,500,62.516666,6
12.798,50,12,450,62.591667,6
12.808,50,12,500,62.674999,6
12.818,50,12,500,62.758335,6
12.828,50,12,500,62.841667,6
12.838,50,12,450,62.916667,6
12.848,50,12,500,63,6
12.858,50,12,500,63.083332,6
12.868,50,12,500,63.166667,6
12.878,50,12,450,63.241664,6
12.888,50,12,500,63.325,6
12.898,50,12,500,63.408332,6
12.908,50,12,500,63.491664,6
12.919,50,12,454.545471,63.575,6
12.929,50,12,500,63.658332,6
12.939,50,12,500,63.741664,6
12.949,50,12,500,63.825,6
12.959,50,12,500,63.908332,6
12.969,50,12,450,63.983333,6
12.979,50,12,500,64.066665,6
12.989,50,12,500,64.150001,6
12.999,50,12,500,64.233329,6
13.009,50,12,450,64.308334,6
13.019,50,12,500,64.39167,6
13.029,50,12,500,64.474998,6
13.039,50,12,500,64.558334,6
13.049,50,12,450,64.633331,6
13.059,50,12,500,64.716667,6
13.069,50,12,500,64.800003,6
13.079,50,12,500,64.883331,6
13.09,50,12,454.545471,64.966667,6
13.1,50,12,500,65.050003,6
13.11,50,12,500,65.133331,6
13.12,50,12,500,65.216667,6
13.13,50,12,500,65.300003,6
13.14,50,12,450,65.375,6
13.15,50,12,500,65.458335,6
13.16,50,12,500,65.541664,6
13.17,50,12,500,65.625,6
13.18,50,12,450,65.699996,6
13.19,50,12,500,65.783332,6
13.2,50,12,500,65.866668,6
13.21,50,12,500,65.949996,6
13.22,50,12,450,66.025001,6
13.23,50,12,500,66.108329,6
13.24,50,12,500,66.191665,6
13.25,50,12,500,66.275001,6
13.26,50,12,450,66.349998,6
13.27,50,12,500,66.433334,6
13.28,50,12,500,66.51667,6
13.29,50,12,500,66.599998,6
13.3,50,12,500,66.683334,6
13.31,50,12,450,66.758331,6
13.32,50,12,500,66.841667,6
13.33,50,12,500,66.925003,6
13.34,50,12,500,67.008331,6
13.35,50,12,450,67.083335,6
13.36,50,12,500,67.166664,6
13.37,50,12,500,67.25,6
13.38,50,12,500,67.333335,6
13.39,50,12,450,67.408332,6
13.4,50,12,500,67.491668,6
13.41,50,12,500,67.574996,6
13.42,50,12,500,67.658332,6
13.431,50,12,454.545471,67.741668,6
13.441,50,12,500,67.824996,6
13.451,50,12,500,67.908332,6
13.461,50,12,500,67.991668,6
13.471,50,12,500,68.074996,6
13.481,50,12,450,68.150001,6
13.491,50,12,500,68.233329,6
13.501,50,12,500,68.316665,6
13.511,50,12,500,68.400001,6
13.521,50,12,450,68.474998,6
13.531,50,12,500,68.558334,6
13.541,50,12,500,68.64167,6
13.551,50,12,500,68.724998,6
13.561,50,12,450,68.800003,6
13.571,50,12,500,68.883331,6
13.581,50,12,500,68.966667,6
13.591,50,12,500,69.050003,6
13.602,50,12,454.545471,69.133331,6
13.612,50,12,500,69.216667,6
13.622,50,12,500,69.300003,6
13.632,50,12,500,69.383331,6
13.642,50,12,500,69.466667,6
13.652,50,12,450,69.541664,6
13.662,50,12,500,69.625,6
13.672,50,12,500,69.708335,6
13.682,50,12,500,69.791664,6
13.692,50,12,450,69.866668,6
13.702,50,12,500,69.949996,6
13.712,50,12,500,70.033332,6
13.722,50,12,500,70.116668,6
13.732,50,12,450,70.191665,6
13.742,50,12,500,70.275001,6
13.752,50,12,500,70.358329,6
13.762,50,12,500,70.441665,6
13.772,50,12,450,70.51667,6
13.782,50,12,500,70.599998,6
13.792,50,12,500,70.683334,6
13.802,50,12,500,70.76667,6
13.812,50,12,500,70.849998,6
13.822,50,12,450,70.925003,6
13.832,50,12,500,71.008331,6
13.842,50,12,500,71.091667,6
13.852,50,12,500,71.175003,6
13.862,50,12,450,71.25,6
13.872,50,12,500,71.333335,6
13.882,50,12,500,71.416664,6
13.892,50,12,500,71.5,6
13.902,50,12,450,71.574996,6
13.912,50,12,500,71.658332,6
13.922,50,12,500,71.741668,6
13.932,50,12,500,71.824996,6
13.943,50,12,454.545471,71.908332,6
13.953,50,12,500,71.991668,6
13.963,50,12,500,72.074996,6
13.973,50,12,500,72.158332,6
13.983,50,12,500,72.241668,6
13.993,50,12,450,72.316665,6
14.003,50,12,500,72.400001,6
14.013,50,12,500,72.483329,6
14.023,50,12,500,72.566665,6
14.033,50,12,450,72.64167,6
14.043,50,12,500,72.724998,6
14.053,50,12,500,72.808334,6
14.063,50,12,500,72.89167,6
14.073,50,12,450,72.966667,6
14.083,50,12,500,73.050003,6
14.093,50,12,500,73.133331,6
14.103,50,12,500,73.216667,6
14.114,50,12,454.545471,73.300003,6
14.124,50,12,500,73.383331,6
14.134,50,12,500,73.466667,6
14.144,50,12,500,73.550003,6
14.154,50,12,500,73.633331,6
14.164,50,12,450,73.708335,6
14.174,50,12,500,73.791664,6
14.184,50,12,500,73.875,6
14.194,50,12,500,73.958335,6
14.204,50,12,450,74.033332,6
14.214,50,12,500,74.116668,6
14.224,50,12,500,74.199996,6
14.234,50,12,500,74.283332,6
14.244,50,12,450,74.358329,6
14.254,50,12,500,74.441665,6
14.264,50,12,500,74.525001,6
14.274,50,12,500,74.608329,6
14.284,50,12,450,74.683334,6
14.294,50,12,500,74.76667,6
14.304,50,12,500,74.849998,6
14.314,50,12,500,74.933334,6
14.324,50,12,500,75.01667,6
14.334,50,12,450,75.091667,6
14.344,50,12,500,75.175003,6
14.354,50,12,500,75.258331,6
14.364,50,12,500,75.341667,6
14.374,50,12,450,75.416664,6
14.384,50,12,500,75.5,6
14.394,50,12,500,75.583335,6
14.404,50,12,500,75.666664,6
14.414,50,12,450,75.741668,6
14.424,50,12,500,75.824996,6
14.434,50,12,500,75.908332,6
14.444,50,12,500,75.991668,6
14.455,50,12,454.545471,76.074996,6
14.465,50,12,500,76.158332,6
14.475,50,12,500,76.241668,6
14.485,50,12,500,76.324996,6
14.495,50,12,500,76.408332,6
14.505,50,12,450,76.483329,6
14.515,50,12,500,76.566665,6
14.525,50,12,500,76.650001,6
14.535,50,12,500,76.733329,6
14.545,50,12,450,76.808334,6
14.555,50,12,500,76.89167,6
14.565,50,12,500,76.974998,6
14.575,50,12,500,77.058334,6
14.585,50,12,450,77.133331,6
14.595,50,12,500,77.216667,6
14.605,50,12,500,77.300003,6
14.615,50,12,500,77.383331,6
14.626,50,12,454.545471,77.466667,6
14.636,50,12,450,77.541664,6
14.646,50,12,500,77.625,6
14.656,50,12,500,77.708335,6
14.666,50,12,500,77.791664,6
14.676,50,12,450,77.866668,6
14.686,50,12,500,77.949996,6
14.696,50,12,500,78.033332,6
14.706,50,12,500,78.116668,6
14.716,50,12,450,78.191665,6
14.726,50,12,500,78.275001,6
14.736,50,12,500,78.358329,6
14.746,50,12,500,78.441665,6
14.756,50,12,450,78.51667,6
14.766,50,12,500,78.599998,6
14.776,50,12,500,78.683334,6
14.786,50,12,500,78.76667,6
14.796,50,12,450,78.841667,6
14.806,50,12,500,78.925003,6
14.816,50,12,500,79.008331,6
14.826,50,12,500,79.091667,6
14.836,50,12,500,79.175003,6
14.846,50,12,450,79.25,6
14.856,50,12,500,79.333335,6
14.866,50,12,500,79.416664,6
14.876,50,12,500,79.5,6
14.886,50,12,450,79.574996,6
14.896,50,12,500,79.658332,6
14.906,50,12,500,79.741668,6
14.916,50,12,500,79.824996,6
14.926,50,12,450,79.900001,6
14.936,50,12,500,79.983329,6
14.946,50,12,500,80.066665,6
14.956,50,12,500,80.150001,6
14.967,50,12,454.545471,80.233329,6
14.977,50,12,500,80.316665,6
14.987,50,12,500,80.400001,6
14.997,50,12,500,80.483329,6
15.007,0,12,200,80.51667,0
15.017,0,12,0,80.51667,0
15.027,0,12,0,80.51667,0
15.037,0,12,0,80.51667,0
15.047,0,12,0,80.51667,0
15.057,0,12,0,80.51667,0
15.067,0,12,0,80.51667,0
15.077,0,12,0,80.51667,0
15.087,0,12,0,80.51667,0
15.097,0,12,0,80.51667,0
15.107,0,12,0,80.51667,0
15.117,0,12,0,80.51667,0
15.127,0,12,0,80.51667,0
15.138,0,12,0,80.51667,0
15.148,0,12,0,80.51667,0
15.158,0,12,0,80.51667,0
15.168,0,12,0,80.51667,0
15.178,0,12,0,80.51667,0
15.188,0,12,0,80.51667,0
15.198,0,12,0,80.51667,0
15.208,0,12,0,80.51667,0
15.218,0,12,0,80.51667,0
15.228,0,12,0,80.51667,0
15.238,0,12,0,80.51667,0
15.248,0,12,0,80.51667,0
15.258,0,12,0,80.51667,0
15.268,0,12,0,80.51667,0
15.278,0,12,0,80.51667,0
15.288,0,12,0,80.51667,0
15.298,0,12,0,80.51667,0
15.308,0,12,0,80.51667,0
15.318,0,12,0,80.51667,0
15.328,0,12,0,80.51667,0
15.338,0,12,0,80.51667,0
15.348,0,12,0,80.51667,0
15.358,0,12,0,80.51667,0
15.368,0,12,0,80.51667,0
15.378,0,12,0,80.51667,0
15.388,0,12,0,80.51667,0
15.398,0,12,0,80.51667,0
15.408,0,12,0,80.51667,0
15.418,0,12,0,80.51667,0
15.428,0,12,0,80.51667,0
15.438,0,12,0,80.51667,0
15.448,0,12,0,80.51667,0
15.458,0,12,0,80.51667,0
15.468,0,12,0,80.51667,0
15.479,0,12,0,80.51667,0
15.489,0,12,0,80.51667,0
15.499,0,12,0,80.51667,0
15.509,0,12,0,80.51667,0
15.519,0,12,0,80.51667,0
15.529,0,12,0,80.51667,0
15.539,0,12,0,80.51667,0
15.549,0,12,0,80.51667,0
15.559,0,12,0,80.51667,0
15.569,0,12,0,80.51667,0
15.579,0,12,0,80.51667,0
15.589,0,12,0,80.51667,0
15.599,0,12,0,80.51667,0
15.609,0,12,0,80.51667,0
15.619,0,12,0,80.51667,0
15.629,0,12,0,80.51667,0
15.639,0,12,0,80.51667,0
15.65,0,12,0,80.51667,0
15.66,0,12,0,80.51667,0
15.67,0,12,0,80.51667,0
15.68,0,12,0,80.51667,0
15.69,0,12,0,80.51667,0
15.7,0,12,0,80.51667,0
15.71,0,12,0,80.51667,0
15.72,0,12,0,80.51667,0
15.73,0,12,0,80.51667,0
15.74,0,12,0,80.51667,0
15.75,0,12,0,80.51667,0
15.76,0,12,0,80.51667,0
15.77,0,12,0,80.51667,0
15.78,0,12,0,80.51667,0
15.79,0,12,0,80.51667,0
15.8,0,12,0,80.51667,0
15.81,0,12,0,80.51667,0
15.82,0,12,0,80.51667,0
15.83,0,12,0,80.51667,0
15.84,0,12,0,80.51667,0
15.85,0,12,0,80.51667,0
15.86,0,12,0,80.51667,0
15.87,0,12,0,80.51667,0
15.88,0,12,0,80.51667,0
15.89,0,12,0,80.51667,0
15.9,0,12,0,80.51667,0
15.91,0,12,0,80.51667,0
15.92,0,12,0,80.51667,0
15.93,0,12,0,80.51667,0
15.94,0,12,0,80.51667,0
15.95,0,12,0,80.51667,0
15.96,0,12,0,80.51667,0
15.97,0,12,0,80.51667,0
15.98,0,12,0,80.51667,0
15.991,0,12,0,80.51667,0
16.001,0,12,0,80.51667,0
16.011,0,12,0,80.51667,0
16.021,0,12,0,80.51667,0
16.031,0,12,0,80.51667,0
16.041,0,12,0,80.51667,0
16.051,0,12,0,80.51667,0
16.061,0,12,0,80.51667,0
16.071,0,12,0,80.51667,0
16.081,0,12,0,80.51667,0
16.091,0,12,0,80.51667,0
16.101,0,12,0,80.51667,0
16.111,0,12,0,80.51667,0
16.121,0,12,0,80.51667,0
16.131,0,12,0,80.51667,0
16.141,0,12,0,80.51667,0
16.151,0,12,0,80.51667,0
16.162,0,12,0,80.51667,0
16.172,0,12,0,80.51667,0
16.182,0,12,0,80.51667,0
16.192,0,12,0,80.51667,0
16.202,0,12,0,80.51667,0
16.212,0,12,0,80.51667,0
16.222,0,12,0,80.51667,0
16.232,0,12,0,80.51667,0
16.242,0,12,0,80.51667,0
16.252,0,12,0,80.51667,0
16.262,0,12,0,80.51667,0
16.272,0,12,0,80.51667,0
16.282,0,12,0,80.51667,0
16.292,0,12,0,80.51667,0
16.302,0,12,0,80.51667,0
16.312,0,12,0,80.51667,0
16.322,0,12,0,80.51667,0
16.332,0,12,0,80.51667,0
16.342,0,12,0,80.51667,0
16.352,0,12,0,80.51667,0
16.362,0,12,0,80.51667,0
16.372,0,12,0,80.51667,0
16.382,0,12,0,80.51667,0
16.392,0,12,0,80.51667,0
16.402,0,12,0,80.51667,0
16.412,0,12,0,80.51667,0
16.422,0,12,0,80.51667,0
16.432,0,12,0,80.51667,0
16.442,0,12,0,80.51667,0
16.452,0,12,0,80.51667,0
16.462,0,12,0,80.51667,0
16.472,0,12,0,80.51667,0
16.482,0,12,0,80.51667,0
16.492,0,12,0,80.51667,0
16.503,0,12,0,80.51667,0
16.513,0,12,0,80.51667,0
16.523,0,12,0,80.51667,0
16.533,0,12,0,80.51667,0
16.543,0,12,0,80.51667,0
16.553,0,12,0,80.51667,0
16.563,0,12,0,80.51667,0
16.573,0,12,0,80.51667,0
16.583,0,12,0,80.51667,0
16.593,0,12,0,80.51667,0
16.603,0,12,0,80.51667,0
16.613,0,12,0,80.51667,0
16.623,0,12,0,80.51667,0
16.633,0,12,0,80.51667,0
16.643,0,12,0,80.51667,0
16.653,0,12,0,80.51667,0
16.663,0,12,0,80.51667,0
16.674,0,12,0,80.51667,0
16.684,0,12,0,80.51667,0
16.694,0,12,0,80.51667,0
16.704,0,12,0,80.51667,0
16.714,0,12,0,80.51667,0
16.724,0,12,0,80.51667,0
16.734,0,12,0,80.51667,0
16.744,0,12,0,80.51667,0
16.754,0,12,0,80.51667,0
16.764,0,12,0,80.51667,0
16.774,0,12,0,80.51667,0
16.784,0,12,0,80.51667,0
16.794,0,12,0,80.51667,0
16.804,0,12,0,80.51667,0
16.814,0,12,0,80.51667,0
16.824,0,12,0,80.51667,0
16.834,0,12,0,80.51667,0
16.844,0,12,0,80.51667,0
16.854,0,12,0,80.51667,0
16.864,0,12,0,80.51667,0
16.874,0,12,0,80.51667,0
16.884,0,12,0,80.51667,0
16.894,0,12,0,80.51667,0
16.904,0,12,0,80.51667,0
16.914,0,12,0,80.51667,0
16.924,0,12,0,80.51667,0
16.934,0,12,0,80.51667,0
16.944,0,12,0,80.51667,0
16.954,0,12,0,80.51667,0
16.964,0,12,0,80.51667,0
16.974,0,12,0,80.51667,0
16.984,0,12,0,80.51667,0
16.994,0,12,0,80.51667,0
17.004,0,12,0,80.51667,0
17.015,0,12,0,80.51667,0
17.025,0,12,0,80.51667,0
17.035,0,12,0,80.51667,0
17.045,0,12,0,80.51667,0
17.055,0,12,0,80.51667,0
17.065,0,12,0,80.51667,0
17.075,0,12,0,80.51667,0
17.085,0,12,0,80.51667,0
17.095,0,12,0,80.51667,0
17.105,0,12,0,80.51667,0
17.115,0,12,0,80.51667,0
17.125,0,12,0,80.51667,0
17.135,0,12,0,80.51667,0
17.145,0,12,0,80.51667,0
17.155,0,12,0,80.51667,0
17.165,0,12,0,80.51667,0
17.175,0,12,0,80.51667,0
17.186,0,12,0,80.51667,0
17.196,0,12,0,80.51667,0
17.206,0,12,0,80.51667,0
17.216,0,12,0,80.51667,0
17.226,0,12,0,80.51667,0
17.236,0,12,0,80.51667,0
17.246,0,12,0,80.51667,0
17.256,0,12,0,80.51667,0
17.266,0,12,0,80.51667,0
17.276,0,12,0,80.51667,0
17.286,0,12,0,80.51667,0
17.296,0,12,0,80.51667,0
17.306,0,12,0,80.51667,0
17.316,0,12,0,80.51667,0
17.326,0,12,0,80.51667,0
17.336,0,12,0,80.51667,0
17.346,0,12,0,80.51667,0
17.356,0,12,0,80.51667,0
17.366,0,12,0,80.51667,0
17.376,0,12,0,80.51667,0
17.386,0,12,0,80.51667,0
17.396,0,12,0,80.51667,0
17.406,0,12,0,80.51667,0
17.416,0,12,0,80.51667,0
17.426,0,12,0,80.51667,0
17.436,0,12,0,80.51667,0
17.446,0,12,0,80.51667,0
17.456,0,12,0,80.51667,0
17.466,0,12,0,80.51667,0
17.476,0,12,0,80.51667,0
17.486,0,12,0,80.51667,0
17.496,0,12,0,80.51667,0
17.506,0,12,0,80.51667,0
17.516,0,12,0,80.51667,0
17.527,0,12,0,80.51667,0
17.537,0,12,0,80.51667,0
17.547,0,12,0,80.51667,0
17.557,0,12,0,80.51667,0
17.567,0,12,0,80.51667,0
17.577,0,12,0,80.51667,0
17.587,0,12,0,80.51667,0
17.597,0,12,0,80.51667,0
17.607,0,12,0,80.51667,0
17.617,0,12,0,80.51667,0
17.627,0,12,0,80.51667,0
17.637,0,12,0,80.51667,0
17.647,0,12,0,80.51667,0
17.657,0,12,0,80.51667,0
17.667,0,12,0,80.51667,0
17.677,0,12,0,80.51667,0
17.687,0,12,0,80.51667,0
17.698,0,12,0,80.51667,0
17.708,0,12,0,80.51667,0
17.718,0,12,0,80.51667,0
17.728,0,12,0,80.51667,0
17.738,0,12,0,80.51667,0
17.748,0,12,0,80.51667,0
17.758,0,12,0,80.51667,0
17.768,0,12,0,80.51667,0
17.778,0,12,0,80.51667,0
17.788,0,12,0,80.51667,0
17.798,0,12,0,80.51667,0
17.808,0,12,0,80.51667,0
17.818,0,12,0,80.51667,0
17.828,0,12,0,80.51667,0
17.838,0,12,0,80.51667,0
17.848,0,12,0,80.51667,0
17.858,0,12,0,80.51667,0
17.868,0,12,0,80.51667,0
17.878,0,12,0,80.51667,0
17.888,0,12,0,80.51667,0
17.898,0,12,0,80.51667,0
17.908,0,12,0,80.51667,0
17.918,0,12,0,80.51667,0
17.928,0,12,0,80.51667,0
17.938,0,12,0,80.51667,0
17.948,0,12,0,80.51667,0
17.958,0,12,0,80.51667,0
17.968,0,12,0,80.51667,0
17.978,0,12,0,80.51667,0
17.988,0,12,0,80.51667,0
17.998,0,12,0,80.51667,0
18.008,0,12,0,80.51667,0
18.018,0,12,0,80.51667,0
18.028,0,12,0,80.51667,0
18.039,0,12,0,80.51667,0
18.049,0,12,0,80.51667,0
18.059,0,12,0,80.51667,0
18.069,0,12,0,80.51667,0
18.079,0,12,0,80.51667,0
18.089,0,12,0,80.51667,0
18.099,0,12,0,80.51667,0
18.109,0,12,0,80.51667,0
18.119,0,12,0,80.51667,0
18.129,0,12,0,80.51667,0
18.139,0,12,0,80.51667,0
18.149,0,12,0,80.51667,0
18.159,0,12,0,80.51667,0
18.169,0,12,0,80.51667,0
18.179,0,12,0,80.51667,0
18.189,0,12,0,80.51667,0
18.199,0,12,0,80.51667,0
18.21,0,12,0,80.51667,0
18.22,0,12,0,80.51667,0
18.23,0,12,0,80.51667,0
18.24,0,12,0,80.51667,0
18.25,0,12,0,80.51667,0
18.26,0,12,0,80.51667,0
18.27,0,12,0,80.51667,0
18.28,0,12,0,80.51667,0
18.29,0,12,0,80.51667,0
18.3,0,12,0,80.51667,0
18.31,0,12,0,80.51667,0
18.32,0,12,0,80.51667,0
18.33,0,12,0,80.51667,0
18.34,0,12,0,80.51667,0
18.35,0,12,0,80.51667,0
18.36,0,12,0,80.51667,0
18.37,0,12,0,80.51667,0
18.38,0,12,0,80.51667,0
18.39,0,12,0,80.51667,0
18.4,0,12,0,80.51667,0
18.41,0,12,0,80.51667,0
18.42,0,12,0,80.51667,0
18.43,0,12,0,80.51667,0
18.44,0,12,0,80.51667,0
18.45,0,12,0,80.51667,0
18.46,0,12,0,80.51667,0
18.47,0,12,0,80.51667,0
18.48,0,12,0,80.51667,0
18.49,0,12,0,80.51667,0
18.5,0,12,0,80.51667,0
18.51,0,12,0,80.51667,0
18.52,0,12,0,80.51667,0
18.53,0,12,0,80.51667,0
18.54,0,12,0,80.51667,0
18.551,0,12,0,80.51667,0
18.561,0,12,0,80.51667,0
18.571,0,12,0,80.51667,0
18.581,0,12,0,80.51667,0
18.591,0,12,0,80.51667,0
18.601,0,12,0,80.51667,0
18.611,0,12,0,80.51667,0
18.621,0,12,0,80.51667,0
18.631,0,12,0,80.51667,0
18.641,0,12,0,80.51667,0
18.651,0,12,0,80.51667,0
18.661,0,12,0,80.51667,0
18.671,0,12,0,80.51667,0
18.681,0,12,0,80.51667,0
18.691,0,12,0,80.51667,0
18.701,0,12,0,80.51667,0
18.711,0,12,0,80.51667,0
18.722,0,12,0,80.51667,0
18.732,0,12,0,80.51667,0
18.742,0,12,0,80.51667,0
18.752,0,12,0,80.51667,0
18.762,0,12,0,80.51667,0
18.772,0,12,0,80.51667,0
18.782,0,12,0,80.51667,0
18.792,0,12,0,80.51667,0
18.802,0,12,0,80.51667,0
18.812,0,12,0,80.51667,0
18.822,0,12,0,80.51667,0
18.832,0,12,0,80.51667,0
18.842,0,12,0,80.51667,0
18.852,0,12,0,80.51667,0
18.862,0,12,0,80.51667,0
18.872,0,12,0,80.51667,0
18.882,0,12,0,80.51667,0
18.892,0,12,0,80.51667,0
18.902,0,12,0,80.51667,0
18.912,0,12,0,80.51667,0
18.922,0,12,0,80.51667,0
18.932,0,12,0,80.51667,0
18.942,0,12,0,80.51667,0
18.952,0,12,0,80.51667,0
18.962,0,12,0,80.51667,0
18.972,0,12,0,80.51667,0
18.982,0,12,0,80.51667,0
18.992,0,12,0,80.51667,0
19.002,0,12,0,80.51667,0
19.012,0,12,0,80.51667,0
19.022,0,12,0,80.51667,0
19.032,0,12,0,80.51667,0
19.042,0,12,0,80.51667,0
19.052,0,12,0,80.51667,0
19.063,0,12,0,80.51667,0
19.073,0,12,0,80.51667,0
19.083,0,12,0,80.51667,0
19.093,0,12,0,80.51667,0
19.103,0,12,0,80.51667,0
19.113,0,12,0,80.51667,0
19.123,0,12,0,80.51667,0
19.133,0,12,0,80.51667,0
19.143,0,12,0,80.51667,0
19.153,0,12,0,80.51667,0
19.163,0,12,0,80.51667,0
19.173,0,12,0,80.51667,0
19.183,0,12,0,80.51667,0
19.193,0,12,0,80.51667,0
19.203,0,12,0,80.51667,0
19.213,0,12,0,80.51667,0
19.223,0,12,0,80.51667,0
19.234,0,12,0,80.51667,0
19.244,0,12,0,80.51667,0
19.254,0,12,0,80.51667,0
19.264,0,12,0,80.51667,0
19.274,0,12,0,80.51667,0
19.284,0,12,0,80.51667,0
19.294,0,12,0,80.51667,0
19.304,0,12,0,80.51667,0
19.314,0,12,0,80.51667,0
19.324,0,12,0,80.51667,0
19.334,0,12,0,80.51667,0
19.344,0,12,0,80.51667,0
19.354,0,12,0,80.51667,0
19.364,0,12,0,80.51667,0
19.374,0,12,0,80.51667,0
19.384,0,12,0,80.51667,0
19.394,0,12,0,80.51667,0
19.404,0,12,0,80.51667,0
19.414,0,12,0,80.51667,0
19.424,0,12,0,80.51667,0
19.434,0,12,0,80.51667,0
19.444,0,12,0,80.51667,0
19.454,0,12,0,80.51667,0
19.464,0,12,0,80.51667,0
19.474,0,12,0,80.51667,0
19.484,0,12,0,80.51667,0
19.494,0,12,0,80.51667,0
19.504,0,12,0,80.51667,0
19.514,0,12,0,80.51667,0
19.524,0,12,0,80.51667,0
19.534,0,12,0,80.51667,0
19.544,0,12,0,80.51667,0
19.554,0,12,0,80.51667,0
19.564,0,12,0,80.51667,0
19.575,0,12,0,80.51667,0
19.585,0,12,0,80.51667,0
19.595,0,12,0,80.51667,0
19.605,0,12,0,80.51667,0
19.615,0,12,0,80.51667,0
19.625,0,12,0,80.51667,0
19.635,0,12,0,80.51667,0
19.645,0,12,0,80.51667,0
19.655,0,12,0,80.51667,0
19.665,0,12,0,80.51667,0
19.675,0,12,0,80.51667,0
19.685,0,12,0,80.51667,0
19.695,0,12,0,80.51667,0
19.705,0,12,0,80.51667,0
19.715,0,12,0,80.51667,0
19.725,0,12,0,80.51667,0
19.735,0,12,0,80.51667,0
19.746,0,12,0,80.51667,0
19.756,0,12,0,80.51667,0
19.766,0,12,0,80.51667,0
19.776,0,12,0,80.51667,0
19.786,0,12,0,80.51667,0
19.796,0,12,0,80.51667,0
19.806,0,12,0,80.51667,0
19.816,0,12,0,80.51667,0
19.826,0,12,0,80.51667,0
19.836,0,12,0,80.51667,0
19.846,0,12,0,80.51667,0
19.856,0,12,0,80.51667,0
19.866,0,12,0,80.51667,0
19.876,0,12,0,80.51667,0
19.886,0,12,0,80.51667,0
19.896,0,12,0,80.51667,0
19.906,0,12,0,80.51667,0
19.916,0,12,0,80.51667,0
19.926,0,12,0,80.51667,0
19.936,0,12,0,80.51667,0
19.946,0,12,0,80.51667,0
19.956,0,12,0,80.51667,0
19.966,0,12,0,80.51667,0
19.976,0,12,0,80.51667,0
19.986,0,12,0,80.51667,0
19.996,0,12,0,80.51667,0
20.006,0,12,0,80.51667,0
20.016,0,12,0,80.51667,0
20.026,0,12,0,80.51667,0
20.036,0,12,0,80.51667,0
20.046,0,12,0,80.51667,0
20.056,0,12,0,80.51667,0
